symbol,entry_time,exit_time,qty,entry_price,exit_price,pnl,reason
MES,2025-02-04 10:10:00-05:00,2025-02-04 12:25:00-05:00,1,6050.0,6043.0,-36.0,stop
MES,2025-02-04 13:35:00-05:00,2025-02-04 15:30:00-05:00,1,6054.25,6058.25,19.0,signal
MES,2025-02-05 12:00:00-05:00,2025-02-06 10:55:00-05:00,1,6074.5,6089.75,75.25,signal
MES,2025-02-06 11:30:00-05:00,2025-02-06 12:30:00-05:00,1,6097.75,6095.25,-13.5,signal
MES,2025-02-06 12:55:00-05:00,2025-02-06 13:55:00-05:00,1,6100.25,6095.25,-26.0,signal
MES,2025-02-07 09:30:00-05:00,2025-02-07 10:00:00-05:00,1,6114.25,6089.0,-127.25,stop
MES,2025-02-07 15:00:00-05:00,2025-02-10 09:30:00-05:00,-1,6046.25,6075.75,-148.5,stop
MES,2025-02-10 10:00:00-05:00,2025-02-10 11:35:00-05:00,1,6082.5,6083.25,2.75,signal
MES,2025-02-10 13:00:00-05:00,2025-02-10 15:20:00-05:00,1,6088.75,6089.75,4.0,signal
MES,2025-02-11 11:05:00-05:00,2025-02-11 11:25:00-05:00,1,6087.25,6085.25,-11.0,signal
MES,2025-02-11 11:35:00-05:00,2025-02-11 11:50:00-05:00,1,6088.25,6081.75,-33.5,stop
MES,2025-02-11 14:00:00-05:00,2025-02-11 14:10:00-05:00,1,6087.75,6084.25,-18.5,signal
MES,2025-02-11 14:20:00-05:00,2025-02-11 15:55:00-05:00,1,6087.25,6092.25,24.0,signal
MES,2025-02-12 10:00:00-05:00,2025-02-12 10:15:00-05:00,-1,6037.25,6051.25,-71.0,stop
MES,2025-02-12 10:20:00-05:00,2025-02-12 10:35:00-05:00,-1,6057.75,6066.75,-46.0,stop
MES,2025-02-12 14:10:00-05:00,2025-02-12 14:30:00-05:00,-1,6065.75,6073.0,-37.25,stop
MES,2025-02-12 14:35:00-05:00,2025-02-12 14:45:00-05:00,-1,6073.5,6081.0,-38.5,stop
MES,2025-02-13 09:55:00-05:00,2025-02-13 11:55:00-05:00,1,6086.75,6099.25,61.5,signal
MES,2025-02-13 13:55:00-05:00,2025-02-14 11:15:00-05:00,1,6110.75,6133.75,114.0,signal
MES,2025-02-14 13:30:00-05:00,2025-02-14 14:50:00-05:00,1,6139.0,6135.75,-17.25,signal
MES,2025-02-17 10:05:00-05:00,2025-02-17 10:10:00-05:00,1,6139.5,6138.5,-6.0,signal
MES,2025-02-17 10:15:00-05:00,2025-02-17 12:50:00-05:00,1,6140.25,6145.5,25.25,signal
MES,2025-02-17 12:55:00-05:00,2025-02-18 09:30:00-05:00,1,6145.75,6140.5,-27.25,signal
MES,2025-02-19 11:10:00-05:00,2025-02-19 12:45:00-05:00,1,6146.5,6147.5,4.0,signal
MES,2025-02-19 13:35:00-05:00,2025-02-19 15:40:00-05:00,1,6153.0,6157.0,19.0,signal
MES,2025-02-20 10:00:00-05:00,2025-02-20 10:15:00-05:00,-1,6115.75,6122.75,-36.0,stop
MES,2025-02-20 10:20:00-05:00,2025-02-20 12:15:00-05:00,-1,6122.0,6120.5,6.5,signal
MES,2025-02-20 13:20:00-05:00,2025-02-20 13:40:00-05:00,-1,6110.75,6119.0,-42.25,stop
MES,2025-02-20 13:45:00-05:00,2025-02-20 14:05:00-05:00,-1,6116.5,6121.5,-26.0,signal
MES,2025-02-21 10:00:00-05:00,2025-02-21 11:50:00-05:00,-1,6111.5,6094.75,82.75,signal
MES,2025-02-21 12:15:00-05:00,2025-02-21 15:50:00-05:00,-1,6087.0,6034.25,262.75,signal
MES,2025-02-24 10:00:00-05:00,2025-02-24 10:10:00-05:00,-1,6003.25,6019.5,-82.25,stop
MES,2025-02-24 10:15:00-05:00,2025-02-24 10:20:00-05:00,-1,6012.75,6021.0,-42.25,stop
MES,2025-02-24 10:25:00-05:00,2025-02-24 11:15:00-05:00,-1,6009.0,6019.25,-52.25,stop
MES,2025-02-24 11:20:00-05:00,2025-02-24 11:25:00-05:00,-1,6021.5,6030.75,-47.25,stop
MES,2025-02-24 14:50:00-05:00,2025-02-25 11:55:00-05:00,-1,6027.25,5960.75,331.5,signal
MES,2025-02-25 12:00:00-05:00,2025-02-25 12:10:00-05:00,-1,5956.0,5956.25,-2.25,signal
MES,2025-02-25 14:20:00-05:00,2025-02-25 14:30:00-05:00,-1,5961.0,5968.25,-37.25,stop
MES,2025-02-25 14:35:00-05:00,2025-02-25 14:40:00-05:00,-1,5979.5,5982.5,-16.0,signal
MES,2025-02-26 14:00:00-05:00,2025-02-26 14:20:00-05:00,-1,5952.0,5961.5,-48.5,stop
MES,2025-02-26 14:25:00-05:00,2025-02-26 14:30:00-05:00,-1,5960.75,5966.5,-29.75,signal
MES,2025-02-26 14:55:00-05:00,2025-02-26 15:05:00-05:00,-1,5954.5,5961.75,-37.25,stop
MES,2025-02-27 10:15:00-05:00,2025-02-27 10:20:00-05:00,-1,5972.25,5983.75,-58.5,stop
MES,2025-02-27 10:25:00-05:00,2025-02-27 11:15:00-05:00,-1,5981.25,5985.75,-23.5,signal
MES,2025-02-27 11:45:00-05:00,2025-02-27 13:10:00-05:00,-1,5964.75,5973.25,-43.5,stop
MES,2025-02-27 14:15:00-05:00,2025-02-28 10:25:00-05:00,-1,5951.25,5907.5,217.75,signal
MES,2025-02-28 12:00:00-05:00,2025-02-28 12:05:00-05:00,-1,5890.25,5892.5,-12.25,signal
MES,2025-02-28 12:30:00-05:00,2025-02-28 14:10:00-05:00,-1,5890.5,5868.5,109.0,signal
MES,2025-03-03 14:15:00-05:00,2025-03-03 14:20:00-05:00,-1,5907.25,5911.75,-23.5,signal
MES,2025-03-03 14:25:00-05:00,2025-03-03 14:30:00-05:00,-1,5907.75,5917.75,-51.0,stop
MES,2025-03-03 14:50:00-05:00,2025-03-04 11:50:00-05:00,-1,5891.0,5781.0,549.0,signal
MES,2025-03-05 10:00:00-05:00,2025-03-05 10:05:00-05:00,-1,5805.5,5809.75,-22.25,signal
MES,2025-03-05 10:10:00-05:00,2025-03-05 12:20:00-05:00,-1,5804.0,5801.25,12.75,signal
MES,2025-03-06 10:00:00-05:00,2025-03-06 10:05:00-05:00,-1,5781.25,5792.5,-57.25,stop
MES,2025-03-06 10:10:00-05:00,2025-03-06 10:15:00-05:00,-1,5793.25,5799.5,-32.25,stop
MES,2025-03-06 10:20:00-05:00,2025-03-06 10:35:00-05:00,-1,5799.5,5815.25,-79.75,stop
MES,2025-03-06 11:45:00-05:00,2025-03-06 15:05:00-05:00,-1,5782.25,5743.25,194.0,signal
MES,2025-03-07 10:30:00-05:00,2025-03-07 10:45:00-05:00,-1,5717.25,5735.75,-93.5,stop
MES,2025-03-07 10:50:00-05:00,2025-03-07 12:40:00-05:00,-1,5726.0,5729.25,-17.25,signal
MES,2025-03-10 10:00:00-04:00,2025-03-10 15:45:00-04:00,-1,5674.75,5619.25,276.5,signal
MES,2025-03-11 10:15:00-04:00,2025-03-11 11:35:00-04:00,-1,5596.0,5599.75,-19.75,signal
MES,2025-03-11 12:25:00-04:00,2025-03-11 14:05:00-04:00,-1,5573.0,5581.25,-42.25,stop
MES,2025-03-12 11:00:00-04:00,2025-03-12 11:15:00-04:00,-1,5562.0,5570.25,-42.25,stop
MES,2025-03-12 11:20:00-04:00,2025-03-12 11:30:00-04:00,-1,5577.0,5585.75,-44.75,stop
MES,2025-03-13 10:00:00-04:00,2025-03-13 10:05:00-04:00,-1,5569.0,5577.25,-42.25,stop
MES,2025-03-13 10:10:00-04:00,2025-03-13 10:20:00-04:00,-1,5589.0,5596.75,-39.75,stop
MES,2025-03-13 10:25:00-04:00,2025-03-13 14:25:00-04:00,-1,5583.75,5543.5,200.25,signal
MES,2025-03-13 15:35:00-04:00,2025-03-13 15:40:00-04:00,-1,5516.0,5523.75,-39.75,stop
MES,2025-03-13 15:45:00-04:00,2025-03-14 09:30:00-04:00,-1,5524.25,5577.5,-267.25,stop
MES,2025-03-14 13:05:00-04:00,2025-03-14 13:15:00-04:00,1,5635.25,5628.0,-37.25,stop
MES,2025-03-14 13:20:00-04:00,2025-03-14 13:40:00-04:00,1,5628.0,5618.25,-49.75,stop
MES,2025-03-14 13:45:00-04:00,2025-03-14 13:55:00-04:00,1,5618.5,5616.5,-11.0,signal
MES,2025-03-14 14:45:00-04:00,2025-03-17 11:00:00-04:00,1,5631.75,5648.25,81.5,signal
MES,2025-03-17 12:25:00-04:00,2025-03-17 12:40:00-04:00,1,5648.5,5648.5,-1.0,signal
MES,2025-03-17 12:50:00-04:00,2025-03-17 13:00:00-04:00,1,5657.75,5650.5,-37.25,stop
MES,2025-03-17 13:05:00-04:00,2025-03-17 15:50:00-04:00,1,5659.0,5691.0,159.0,signal
MES,2025-03-18 14:00:00-04:00,2025-03-18 14:05:00-04:00,-1,5609.5,5613.75,-22.25,signal
MES,2025-03-18 14:25:00-04:00,2025-03-18 14:35:00-04:00,-1,5613.5,5620.75,-37.25,stop
MES,2025-03-18 14:40:00-04:00,2025-03-18 14:45:00-04:00,-1,5617.0,5625.0,-41.0,stop
MES,2025-03-18 15:55:00-04:00,2025-03-19 09:30:00-04:00,-1,5620.0,5686.0,-331.0,stop
MES,2025-03-19 10:00:00-04:00,2025-03-19 10:50:00-04:00,1,5705.5,5695.0,-53.5,stop
MES,2025-03-19 10:55:00-04:00,2025-03-19 11:15:00-04:00,1,5695.25,5697.25,9.0,signal
MES,2025-03-19 11:40:00-04:00,2025-03-19 13:00:00-04:00,1,5711.5,5706.75,-24.75,signal
MES,2025-03-19 14:25:00-04:00,2025-03-20 09:30:00-04:00,1,5706.0,5702.5,-18.5,signal
MES,2025-03-20 10:25:00-04:00,2025-03-20 11:15:00-04:00,1,5754.5,5748.0,-33.5,stop
MES,2025-03-20 11:20:00-04:00,2025-03-20 11:30:00-04:00,1,5750.0,5740.75,-47.25,stop
MES,2025-03-20 11:35:00-04:00,2025-03-20 11:40:00-04:00,1,5744.0,5749.25,25.25,signal
MES,2025-03-24 09:30:00-04:00,2025-03-24 12:45:00-04:00,1,5783.0,5808.25,125.25,signal
MES,2025-03-24 14:55:00-04:00,2025-03-25 11:50:00-04:00,1,5811.25,5820.5,45.25,signal
MES,2025-03-26 09:35:00-04:00,2025-03-26 09:45:00-04:00,1,5831.0,5821.25,-49.75,stop
MES,2025-03-26 14:00:00-04:00,2025-03-26 14:10:00-04:00,-1,5754.75,5761.25,-33.5,stop
MES,2025-03-26 14:15:00-04:00,2025-03-26 15:55:00-04:00,-1,5760.75,5758.5,10.25,signal
MES,2025-03-27 09:30:00-04:00,2025-03-27 09:50:00-04:00,-1,5733.25,5748.75,-78.5,stop
MES,2025-03-27 12:00:00-04:00,2025-03-27 12:05:00-04:00,-1,5755.0,5762.25,-37.25,stop
MES,2025-03-27 12:10:00-04:00,2025-03-27 12:15:00-04:00,-1,5759.25,5766.25,-36.0,stop
MES,2025-03-27 12:20:00-04:00,2025-03-27 14:20:00-04:00,-1,5762.75,5749.5,65.25,signal
MES,2025-03-28 09:30:00-04:00,2025-03-28 09:35:00-04:00,-1,5718.25,5728.5,-52.25,stop
MES,2025-03-28 09:40:00-04:00,2025-03-28 14:30:00-04:00,-1,5718.25,5629.0,445.25,signal
MES,2025-03-28 14:55:00-04:00,2025-03-31 11:00:00-04:00,-1,5628.5,5586.75,207.75,signal
MES,2025-04-02 10:00:00-04:00,2025-04-02 10:05:00-04:00,1,5669.0,5654.5,-73.5,stop
MES,2025-04-02 10:20:00-04:00,2025-04-02 14:00:00-04:00,1,5670.25,5699.0,142.75,signal
MES,2025-04-02 15:40:00-04:00,2025-04-03 09:30:00-04:00,1,5712.25,5535.5,-884.75,stop
MES,2025-04-03 10:00:00-04:00,2025-04-03 11:40:00-04:00,-1,5492.5,5499.5,-36.0,stop
MES,2025-04-03 13:15:00-04:00,2025-04-04 11:00:00-04:00,-1,5490.75,5257.75,1164.0,signal
MES,2025-04-04 11:05:00-04:00,2025-04-04 11:10:00-04:00,-1,5239.5,5263.25,-119.75,stop
MES,2025-04-04 11:25:00-04:00,2025-04-04 11:30:00-04:00,-1,5217.0,5217.5,-3.5,signal
MES,2025-04-04 12:15:00-04:00,2025-04-04 13:45:00-04:00,-1,5187.75,5198.5,-54.75,stop
MES,2025-04-07 09:30:00-04:00,2025-04-07 09:50:00-04:00,-1,4925.75,4973.25,-238.5,stop
MES,2025-04-07 09:55:00-04:00,2025-04-07 10:10:00-04:00,-1,5007.25,5191.75,-923.5,stop
MES,2025-04-08 13:25:00-04:00,2025-04-08 13:35:00-04:00,-1,5074.5,5102.75,-142.25,stop
MES,2025-04-08 14:25:00-04:00,2025-04-08 14:30:00-04:00,-1,5074.75,5086.25,-58.5,stop
MES,2025-04-08 14:40:00-04:00,2025-04-08 14:45:00-04:00,-1,5065.0,5084.75,-99.75,stop
MES,2025-04-08 14:55:00-04:00,2025-04-09 09:35:00-04:00,-1,5067.25,5045.5,107.75,signal
MES,2025-04-09 11:00:00-04:00,2025-04-09 11:05:00-04:00,-1,5004.0,5017.75,-69.75,stop
MES,2025-04-09 11:10:00-04:00,2025-04-09 11:15:00-04:00,-1,5014.25,5034.5,-102.25,stop
MES,2025-04-09 11:30:00-04:00,2025-04-09 12:10:00-04:00,-1,5021.75,5049.25,-138.5,stop
MES,2025-04-09 14:00:00-04:00,2025-04-09 14:05:00-04:00,1,5414.0,5394.0,-101.0,stop
MES,2025-04-09 14:10:00-04:00,2025-04-09 14:40:00-04:00,1,5400.25,5388.5,-59.75,stop
MES,2025-04-09 14:45:00-04:00,2025-04-09 14:50:00-04:00,1,5395.75,5387.25,-43.5,stop
MES,2025-04-09 14:55:00-04:00,2025-04-10 09:30:00-04:00,1,5364.25,5373.5,45.25,signal
MES,2025-04-11 09:55:00-04:00,2025-04-11 10:00:00-04:00,1,5315.0,5304.0,-56.0,stop
MES,2025-04-11 10:05:00-04:00,2025-04-11 10:10:00-04:00,1,5324.0,5314.0,-51.0,stop
MES,2025-04-11 10:30:00-04:00,2025-04-11 10:50:00-04:00,1,5289.5,5296.75,35.25,signal
MES,2025-04-11 12:00:00-04:00,2025-04-14 11:20:00-04:00,1,5321.0,5455.5,671.5,signal
MES,2025-04-14 14:00:00-04:00,2025-04-14 15:55:00-04:00,1,5447.25,5442.5,-24.75,signal
MES,2025-04-15 10:10:00-04:00,2025-04-15 10:15:00-04:00,1,5470.0,5445.75,-122.25,stop
MES,2025-04-15 11:20:00-04:00,2025-04-15 11:25:00-04:00,1,5469.25,5453.75,-78.5,stop
MES,2025-04-15 11:35:00-04:00,2025-04-15 12:05:00-04:00,1,5455.75,5459.5,17.75,signal
MES,2025-04-16 12:10:00-04:00,2025-04-17 09:35:00-04:00,-1,5363.75,5315.75,239.0,signal
MES,2025-04-17 10:50:00-04:00,2025-04-17 11:05:00-04:00,-1,5304.25,5320.5,-82.25,stop
MES,2025-04-17 11:25:00-04:00,2025-04-17 11:30:00-04:00,-1,5313.75,5323.25,-48.5,stop
MES,2025-04-21 09:30:00-04:00,2025-04-21 15:10:00-04:00,-1,5251.0,5144.25,532.75,signal
MES,2025-04-22 15:00:00-04:00,2025-04-22 15:05:00-04:00,1,5315.0,5308.25,-34.75,stop
MES,2025-04-22 15:10:00-04:00,2025-04-22 15:15:00-04:00,1,5303.5,5296.25,-37.25,stop
MES,2025-04-22 15:20:00-04:00,2025-04-22 15:35:00-04:00,1,5295.0,5288.5,-33.5,stop
MES,2025-04-22 15:40:00-04:00,2025-04-22 15:45:00-04:00,1,5307.5,5317.25,47.75,signal
MES,2025-04-23 09:30:00-04:00,2025-04-23 11:15:00-04:00,1,5457.5,5456.5,-6.0,signal
MES,2025-04-23 13:05:00-04:00,2025-04-23 13:25:00-04:00,1,5436.0,5428.0,-41.0,stop
MES,2025-04-23 13:30:00-04:00,2025-04-23 13:35:00-04:00,1,5421.5,5414.5,-36.0,stop
MES,2025-04-23 13:40:00-04:00,2025-04-23 14:05:00-04:00,1,5421.25,5424.75,16.5,signal
MES,2025-04-24 10:00:00-04:00,2025-04-24 15:25:00-04:00,1,5442.25,5494.25,259.0,signal
MES,2025-04-24 15:45:00-04:00,2025-04-24 15:55:00-04:00,1,5517.0,5510.25,-34.75,stop
MES,2025-04-25 09:30:00-04:00,2025-04-25 09:45:00-04:00,1,5512.75,5499.0,-69.75,stop
MES,2025-04-25 09:50:00-04:00,2025-04-25 09:55:00-04:00,1,5494.5,5492.0,-13.5,signal
MES,2025-04-25 10:00:00-04:00,2025-04-25 10:20:00-04:00,1,5499.25,5496.5,-14.75,signal
MES,2025-04-25 11:05:00-04:00,2025-04-25 11:35:00-04:00,1,5511.0,5504.75,-32.25,stop
MES,2025-04-25 11:40:00-04:00,2025-04-25 14:05:00-04:00,1,5502.5,5535.0,161.5,signal
MES,2025-04-25 14:45:00-04:00,2025-04-25 14:55:00-04:00,1,5549.75,5542.25,-38.5,stop
MES,2025-04-25 15:00:00-04:00,2025-04-25 15:15:00-04:00,1,5549.0,5542.5,-33.5,stop
MES,2025-04-25 15:20:00-04:00,2025-04-25 15:25:00-04:00,1,5549.0,5540.25,-44.75,stop
MES,2025-04-25 15:30:00-04:00,2025-04-25 15:45:00-04:00,1,5539.0,5537.75,-7.25,signal
MES,2025-04-28 09:40:00-04:00,2025-04-28 09:50:00-04:00,1,5574.25,5559.75,-73.5,stop
MES,2025-04-28 09:55:00-04:00,2025-04-28 10:55:00-04:00,1,5545.5,5547.75,10.25,signal
MES,2025-04-28 15:05:00-04:00,2025-04-29 09:30:00-04:00,1,5542.0,5538.75,-17.25,signal
MES,2025-04-29 09:45:00-04:00,2025-04-29 10:20:00-04:00,1,5552.0,5542.75,-47.25,stop
MES,2025-04-29 10:30:00-04:00,2025-04-29 13:00:00-04:00,1,5550.75,5556.75,29.0,signal
MES,2025-04-29 13:45:00-04:00,2025-04-29 15:00:00-04:00,1,5592.0,5585.75,-32.25,stop
MES,2025-04-29 15:05:00-04:00,2025-04-29 15:20:00-04:00,1,5590.0,5590.75,2.75,signal
MES,2025-04-30 15:50:00-04:00,2025-04-30 15:55:00-04:00,1,5592.25,5584.25,-41.0,stop
MES,2025-05-01 09:30:00-04:00,2025-05-01 11:50:00-04:00,1,5634.0,5654.75,102.75,signal
MES,2025-05-01 13:25:00-04:00,2025-05-01 13:40:00-04:00,1,5654.75,5642.25,-63.5,stop
MES,2025-05-01 14:00:00-04:00,2025-05-01 15:35:00-04:00,1,5652.25,5654.75,11.5,signal
MES,2025-05-02 09:35:00-04:00,2025-05-02 09:45:00-04:00,1,5689.0,5675.0,-71.0,stop
MES,2025-05-02 09:50:00-04:00,2025-05-02 13:25:00-04:00,1,5674.5,5708.25,167.75,signal
MES,2025-05-02 14:15:00-04:00,2025-05-02 14:45:00-04:00,1,5718.25,5708.0,-52.25,stop
MES,2025-05-02 14:50:00-04:00,2025-05-02 15:00:00-04:00,1,5714.0,5705.25,-44.75,stop
MES,2025-05-02 15:05:00-04:00,2025-05-02 15:10:00-04:00,1,5710.0,5706.75,-17.25,signal
MES,2025-05-05 14:10:00-04:00,2025-05-05 14:15:00-04:00,1,5702.25,5699.5,-14.75,signal
MES,2025-05-05 14:30:00-04:00,2025-05-05 14:50:00-04:00,1,5703.75,5700.5,-17.25,signal
MES,2025-05-06 12:40:00-04:00,2025-05-06 14:35:00-04:00,-1,5639.25,5642.0,-14.75,signal
MES,2025-05-06 15:55:00-04:00,2025-05-07 09:30:00-04:00,-1,5625.25,5638.25,-66.0,stop
MES,2025-05-07 09:35:00-04:00,2025-05-07 09:40:00-04:00,-1,5636.75,5646.75,-51.0,stop
MES,2025-05-07 09:45:00-04:00,2025-05-07 09:50:00-04:00,-1,5636.0,5642.75,-34.75,stop
MES,2025-05-07 11:05:00-04:00,2025-05-07 11:40:00-04:00,-1,5629.75,5636.5,-34.75,stop
MES,2025-05-07 11:45:00-04:00,2025-05-07 11:50:00-04:00,-1,5624.75,5633.0,-42.25,stop
MES,2025-05-07 11:55:00-04:00,2025-05-07 12:15:00-04:00,-1,5636.0,5640.5,-23.5,signal
MES,2025-05-07 14:00:00-04:00,2025-05-07 14:55:00-04:00,-1,5631.5,5645.25,-69.75,stop
MES,2025-05-08 09:30:00-04:00,2025-05-08 09:45:00-04:00,1,5683.75,5674.5,-47.25,stop
MES,2025-05-08 09:50:00-04:00,2025-05-08 10:10:00-04:00,1,5675.5,5664.5,-56.0,stop
MES,2025-05-08 10:15:00-04:00,2025-05-08 10:50:00-04:00,1,5671.75,5663.0,-44.75,stop
MES,2025-05-08 10:55:00-04:00,2025-05-08 11:00:00-04:00,1,5662.25,5658.25,-21.0,signal
MES,2025-05-08 11:20:00-04:00,2025-05-08 13:40:00-04:00,1,5696.75,5724.5,137.75,signal
MES,2025-05-08 15:20:00-04:00,2025-05-08 15:35:00-04:00,1,5726.75,5716.25,-53.5,stop
MES,2025-05-12 10:00:00-04:00,2025-05-12 10:25:00-04:00,1,5828.75,5818.0,-54.75,stop
MES,2025-05-12 10:30:00-04:00,2025-05-12 11:20:00-04:00,1,5814.0,5822.0,39.0,signal
MES,2025-05-12 12:30:00-04:00,2025-05-12 15:25:00-04:00,1,5833.0,5850.75,87.75,signal
MES,2025-05-13 09:30:00-04:00,2025-05-13 14:25:00-04:00,1,5870.0,5914.5,221.5,signal
MES,2025-05-13 15:15:00-04:00,2025-05-13 15:50:00-04:00,1,5922.25,5908.25,-71.0,stop
MES,2025-05-14 09:30:00-04:00,2025-05-14 09:35:00-04:00,1,5923.25,5917.5,-29.75,signal
MES,2025-05-14 11:30:00-04:00,2025-05-14 12:40:00-04:00,1,5916.25,5908.5,-39.75,stop
MES,2025-05-14 12:45:00-04:00,2025-05-14 12:50:00-04:00,1,5909.25,5910.75,6.5,signal
MES,2025-05-14 15:00:00-04:00,2025-05-14 15:25:00-04:00,1,5906.5,5904.75,-9.75,signal
MES,2025-05-15 12:00:00-04:00,2025-05-15 14:10:00-04:00,1,5927.0,5927.25,0.25,signal
MES,2025-05-16 09:40:00-04:00,2025-05-16 10:40:00-04:00,1,5935.5,5925.75,-49.75,stop
MES,2025-05-16 10:45:00-04:00,2025-05-16 10:55:00-04:00,1,5934.25,5936.5,10.25,signal
MES,2025-05-16 11:35:00-04:00,2025-05-19 09:30:00-04:00,1,5944.75,5923.25,-108.5,stop
MES,2025-05-19 12:20:00-04:00,2025-05-19 14:15:00-04:00,1,5967.75,5967.5,-2.25,signal
MES,2025-05-19 15:55:00-04:00,2025-05-20 09:30:00-04:00,1,5981.5,5963.75,-89.75,stop
MES,2025-05-21 10:00:00-04:00,2025-05-21 11:05:00-04:00,-1,5935.0,5947.5,-63.5,stop
MES,2025-05-21 13:05:00-04:00,2025-05-22 10:05:00-04:00,-1,5936.0,5877.75,290.25,signal
MES,2025-05-22 10:35:00-04:00,2025-05-22 11:00:00-04:00,-1,5851.75,5861.5,-49.75,stop
MES,2025-05-22 11:05:00-04:00,2025-05-22 11:40:00-04:00,-1,5863.0,5868.25,-27.25,signal
MES,2025-05-22 13:00:00-04:00,2025-05-22 13:15:00-04:00,-1,5856.75,5865.25,-43.5,stop
MES,2025-05-22 13:20:00-04:00,2025-05-22 13:25:00-04:00,-1,5873.25,5875.75,-13.5,signal
MES,2025-05-23 10:00:00-04:00,2025-05-23 10:30:00-04:00,-1,5803.0,5810.75,-39.75,stop
MES,2025-05-23 10:35:00-04:00,2025-05-23 11:05:00-04:00,-1,5807.75,5800.75,34.0,signal
MES,2025-05-27 10:10:00-04:00,2025-05-27 15:10:00-04:00,1,5895.25,5929.5,170.25,signal
MES,2025-05-28 09:30:00-04:00,2025-05-28 09:45:00-04:00,1,5944.75,5937.0,-39.75,stop
MES,2025-05-28 09:50:00-04:00,2025-05-28 09:55:00-04:00,1,5936.0,5932.0,-21.0,signal
MES,2025-05-28 13:15:00-04:00,2025-05-28 13:20:00-04:00,1,5930.0,5927.5,-13.5,signal
MES,2025-05-28 15:05:00-04:00,2025-05-28 15:10:00-04:00,1,5930.0,5924.5,-28.5,signal
MES,2025-05-29 10:00:00-04:00,2025-05-29 10:05:00-04:00,1,5931.75,5914.5,-87.25,stop
MES,2025-05-29 10:10:00-04:00,2025-05-29 10:15:00-04:00,1,5921.0,5912.5,-43.5,stop
MES,2025-05-29 10:20:00-04:00,2025-05-29 10:35:00-04:00,1,5915.5,5923.25,37.75,signal
MES,2025-05-29 10:55:00-04:00,2025-05-29 11:00:00-04:00,1,5933.25,5926.0,-37.25,stop
MES,2025-05-29 11:25:00-04:00,2025-05-29 11:30:00-04:00,1,5931.0,5916.25,-74.75,stop
MES,2025-05-29 11:35:00-04:00,2025-05-29 11:40:00-04:00,1,5914.5,5915.25,2.75,signal
MES,2025-05-30 11:30:00-04:00,2025-05-30 13:50:00-04:00,-1,5902.5,5887.0,76.5,signal
MES,2025-06-02 11:00:00-04:00,2025-06-02 11:25:00-04:00,1,5910.75,5905.5,-27.25,signal
MES,2025-06-02 11:40:00-04:00,2025-06-03 14:05:00-04:00,1,5911.25,5975.25,319.0,signal
MES,2025-06-03 15:15:00-04:00,2025-06-03 15:45:00-04:00,1,5982.5,5975.25,-37.25,stop
MES,2025-06-04 09:30:00-04:00,2025-06-04 10:00:00-04:00,1,5995.25,5985.75,-48.5,stop
MES,2025-06-04 10:05:00-04:00,2025-06-04 11:45:00-04:00,1,5983.0,5988.0,24.0,signal
MES,2025-06-04 13:10:00-04:00,2025-06-04 14:55:00-04:00,1,5992.0,5989.25,-14.75,signal
MES,2025-06-05 12:00:00-04:00,2025-06-05 12:10:00-04:00,1,6008.0,5999.0,-46.0,stop
MES,2025-06-05 12:15:00-04:00,2025-06-05 12:35:00-04:00,1,5995.75,5990.25,-28.5,signal
MES,2025-06-06 10:00:00-04:00,2025-06-06 10:30:00-04:00,1,6014.0,6007.0,-36.0,stop
MES,2025-06-06 10:35:00-04:00,2025-06-06 11:10:00-04:00,1,6012.5,6014.0,6.5,signal
MES,2025-06-06 14:00:00-04:00,2025-06-06 15:30:00-04:00,1,6013.75,6009.25,-23.5,signal
MES,2025-06-09 10:25:00-04:00,2025-06-09 10:45:00-04:00,1,6012.5,6007.5,-26.0,signal
MES,2025-06-09 10:55:00-04:00,2025-06-09 11:15:00-04:00,1,6010.75,6008.75,-11.0,signal
MES,2025-06-09 12:00:00-04:00,2025-06-09 15:00:00-04:00,1,6014.25,6025.0,52.75,signal
MES,2025-06-10 10:10:00-04:00,2025-06-10 11:30:00-04:00,1,6024.0,6014.25,-49.75,stop
MES,2025-06-10 12:15:00-04:00,2025-06-10 13:55:00-04:00,1,6030.75,6027.5,-17.25,signal
MES,2025-06-10 15:00:00-04:00,2025-06-10 15:35:00-04:00,1,6043.5,6036.25,-37.25,stop
MES,2025-06-10 15:40:00-04:00,2025-06-11 11:40:00-04:00,1,6035.5,6051.5,79.0,signal
MES,2025-06-11 13:10:00-04:00,2025-06-11 13:45:00-04:00,1,6053.75,6044.75,-46.0,stop
MES,2025-06-12 11:00:00-04:00,2025-06-12 11:15:00-04:00,1,6049.0,6039.75,-47.25,stop
MES,2025-06-12 11:20:00-04:00,2025-06-12 11:45:00-04:00,1,6033.5,6033.25,-2.25,signal
MES,2025-06-12 12:35:00-04:00,2025-06-12 12:50:00-04:00,1,6046.75,6038.75,-41.0,stop
MES,2025-06-12 12:55:00-04:00,2025-06-12 14:35:00-04:00,1,6038.0,6044.0,29.0,signal
MES,2025-06-12 15:15:00-04:00,2025-06-12 15:40:00-04:00,1,6048.75,6040.75,-41.0,stop
MES,2025-06-12 15:45:00-04:00,2025-06-12 15:50:00-04:00,1,6040.25,6040.0,-2.25,signal
MES,2025-06-12 15:55:00-04:00,2025-06-13 09:30:00-04:00,1,6051.0,6009.0,-211.0,stop
MES,2025-06-13 10:00:00-04:00,2025-06-13 10:55:00-04:00,-1,5994.5,6002.75,-42.25,stop
MES,2025-06-13 11:00:00-04:00,2025-06-13 11:10:00-04:00,-1,6004.0,6007.5,-18.5,signal
MES,2025-06-13 13:15:00-04:00,2025-06-16 09:30:00-04:00,-1,6007.75,6025.75,-91.0,stop
MES,2025-06-16 11:00:00-04:00,2025-06-16 11:35:00-04:00,1,6048.5,6045.5,-16.0,signal
MES,2025-06-17 10:00:00-04:00,2025-06-17 10:05:00-04:00,-1,6014.25,6021.5,-37.25,stop
MES,2025-06-17 10:10:00-04:00,2025-06-17 11:05:00-04:00,-1,6024.5,6021.5,14.0,signal
MES,2025-06-17 11:30:00-04:00,2025-06-17 11:40:00-04:00,-1,6014.0,6020.5,-33.5,stop
MES,2025-06-17 11:45:00-04:00,2025-06-17 12:05:00-04:00,-1,6018.0,6019.5,-8.5,signal
MES,2025-06-17 12:55:00-04:00,2025-06-17 15:25:00-04:00,-1,6007.25,5991.75,76.5,signal
MES,2025-06-18 10:00:00-04:00,2025-06-18 11:40:00-04:00,1,6057.25,6061.0,17.75,signal
MES,2025-06-18 14:30:00-04:00,2025-06-18 14:45:00-04:00,1,6063.25,6056.75,-33.5,stop
MES,2025-06-18 14:50:00-04:00,2025-06-18 14:55:00-04:00,1,6047.75,6034.0,-69.75,stop
MES,2025-06-19 09:30:00-04:00,2025-06-19 11:10:00-04:00,-1,5993.25,5987.25,29.0,signal
MES,2025-06-19 11:50:00-04:00,2025-06-19 12:20:00-04:00,-1,5977.75,5985.5,-39.75,stop
MES,2025-06-19 12:25:00-04:00,2025-06-19 12:40:00-04:00,-1,5986.0,5984.5,6.5,signal
MES,2025-06-23 10:00:00-04:00,2025-06-23 10:55:00-04:00,1,6048.25,6039.75,-43.5,stop
MES,2025-06-23 11:00:00-04:00,2025-06-23 11:25:00-04:00,1,6047.75,6038.75,-46.0,stop
MES,2025-06-23 14:00:00-04:00,2025-06-23 14:45:00-04:00,1,6064.75,6058.5,-32.25,stop
MES,2025-06-23 14:50:00-04:00,2025-06-23 15:10:00-04:00,1,6058.0,6064.75,32.75,signal
MES,2025-06-23 15:15:00-04:00,2025-06-25 10:30:00-04:00,1,6062.75,6152.75,449.0,signal
MES,2025-06-25 10:40:00-04:00,2025-06-25 10:50:00-04:00,1,6157.0,6152.25,-24.75,signal
MES,2025-06-26 09:30:00-04:00,2025-06-26 15:30:00-04:00,1,6168.25,6192.25,119.0,signal
MES,2025-06-26 15:55:00-04:00,2025-06-27 13:10:00-04:00,1,6196.5,6233.75,185.25,signal
MES,2025-06-30 10:00:00-04:00,2025-06-30 10:35:00-04:00,1,6239.5,6233.25,-32.25,stop
MES,2025-06-30 10:40:00-04:00,2025-06-30 11:00:00-04:00,1,6233.75,6237.0,15.25,signal
MES,2025-06-30 11:40:00-04:00,2025-06-30 12:20:00-04:00,1,6242.5,6236.25,-32.25,stop
MES,2025-06-30 12:25:00-04:00,2025-06-30 13:15:00-04:00,1,6237.0,6238.5,6.5,signal
MES,2025-06-30 15:00:00-04:00,2025-07-01 09:30:00-04:00,1,6246.5,6237.5,-46.0,stop
MES,2025-07-01 12:10:00-04:00,2025-07-01 12:20:00-04:00,1,6252.5,6247.75,-24.75,signal
MES,2025-07-01 12:50:00-04:00,2025-07-01 12:55:00-04:00,1,6252.25,6243.25,-46.0,stop
MES,2025-07-01 13:10:00-04:00,2025-07-01 15:00:00-04:00,1,6251.5,6248.0,-18.5,signal
MES,2025-07-02 10:30:00-04:00,2025-07-03 12:55:00-04:00,1,6260.25,6322.75,311.5,signal
MES,2025-07-08 10:50:00-04:00,2025-07-08 11:00:00-04:00,-1,6266.5,6273.25,-34.75,stop
MES,2025-07-08 11:20:00-04:00,2025-07-08 11:35:00-04:00,-1,6266.5,6273.25,-34.75,stop
MES,2025-07-08 15:00:00-04:00,2025-07-09 09:30:00-04:00,-1,6272.25,6303.25,-156.0,stop
MES,2025-07-09 10:00:00-04:00,2025-07-09 10:25:00-04:00,1,6308.25,6300.75,-38.5,stop
MES,2025-07-09 14:00:00-04:00,2025-07-10 09:45:00-04:00,1,6295.75,6301.25,26.5,signal
MES,2025-07-10 10:40:00-04:00,2025-07-10 15:00:00-04:00,1,6314.75,6330.0,75.25,signal
MES,2025-07-14 10:00:00-04:00,2025-07-14 10:20:00-04:00,-1,6290.75,6298.25,-38.5,stop
MES,2025-07-14 10:25:00-04:00,2025-07-14 10:55:00-04:00,-1,6289.0,6297.75,-44.75,stop
MES,2025-07-14 13:00:00-04:00,2025-07-14 15:30:00-04:00,1,6309.25,6308.25,-6.0,signal
MES,2025-07-15 09:35:00-04:00,2025-07-15 09:55:00-04:00,1,6327.75,6318.5,-47.25,stop
MES,2025-07-15 15:05:00-04:00,2025-07-15 15:15:00-04:00,-1,6296.5,6299.0,-13.5,signal
MES,2025-07-15 15:20:00-04:00,2025-07-15 15:40:00-04:00,-1,6296.75,6299.0,-12.25,signal
MES,2025-07-15 15:50:00-04:00,2025-07-16 09:35:00-04:00,-1,6292.75,6299.0,-32.25,stop
MES,2025-07-16 09:40:00-04:00,2025-07-16 12:25:00-04:00,-1,6292.0,6278.0,69.0,signal
MES,2025-07-17 09:30:00-04:00,2025-07-17 12:55:00-04:00,1,6307.25,6329.25,109.0,signal
MES,2025-07-17 13:40:00-04:00,2025-07-18 10:20:00-04:00,1,6334.25,6335.25,4.0,signal
MES,2025-07-18 11:50:00-04:00,2025-07-18 12:00:00-04:00,1,6340.0,6336.75,-17.25,signal
MES,2025-07-21 09:30:00-04:00,2025-07-21 12:20:00-04:00,1,6349.25,6364.5,75.25,signal
MES,2025-07-21 13:15:00-04:00,2025-07-21 14:15:00-04:00,1,6373.0,6370.0,-16.0,signal
MES,2025-07-22 15:00:00-04:00,2025-07-22 15:10:00-04:00,1,6349.75,6347.5,-12.25,signal
MES,2025-07-22 15:20:00-04:00,2025-07-22 15:25:00-04:00,1,6350.0,6349.0,-6.0,signal
MES,2025-07-22 15:30:00-04:00,2025-07-22 15:50:00-04:00,1,6350.0,6348.25,-9.75,signal
MES,2025-07-23 09:30:00-04:00,2025-07-23 09:45:00-04:00,1,6368.0,6359.75,-42.25,stop
MES,2025-07-23 09:50:00-04:00,2025-07-23 15:45:00-04:00,1,6359.25,6389.25,149.0,signal
MES,2025-07-23 15:55:00-04:00,2025-07-24 12:10:00-04:00,1,6399.5,6404.0,21.5,signal
MES,2025-07-24 13:15:00-04:00,2025-07-24 14:45:00-04:00,1,6415.0,6408.0,-36.0,stop
MES,2025-07-25 10:35:00-04:00,2025-07-25 15:50:00-04:00,1,6411.75,6424.0,60.25,signal
MES,2025-07-28 10:10:00-04:00,2025-07-28 10:50:00-04:00,1,6433.75,6426.75,-36.0,stop
MES,2025-07-28 10:55:00-04:00,2025-07-28 11:10:00-04:00,1,6428.25,6426.75,-8.5,signal
MES,2025-07-29 10:00:00-04:00,2025-07-29 10:40:00-04:00,1,6431.25,6424.75,-33.5,stop
MES,2025-07-29 10:45:00-04:00,2025-07-29 10:50:00-04:00,1,6424.75,6420.0,-24.75,signal
MES,2025-07-30 12:15:00-04:00,2025-07-30 14:00:00-04:00,1,6417.5,6416.25,-7.25,signal
MES,2025-07-30 15:00:00-04:00,2025-07-30 15:05:00-04:00,-1,6372.75,6380.0,-37.25,stop
MES,2025-07-30 15:10:00-04:00,2025-07-30 15:55:00-04:00,-1,6385.25,6397.75,-63.5,stop
MES,2025-07-31 10:00:00-04:00,2025-07-31 10:30:00-04:00,1,6445.5,6436.75,-44.75,stop
MES,2025-07-31 10:35:00-04:00,2025-07-31 10:50:00-04:00,1,6437.5,6424.25,-67.25,stop
MES,2025-07-31 12:15:00-04:00,2025-07-31 13:00:00-04:00,1,6430.5,6422.75,-39.75,stop
MES,2025-07-31 14:00:00-04:00,2025-07-31 14:25:00-04:00,-1,6387.5,6394.0,-33.5,stop
MES,2025-07-31 14:30:00-04:00,2025-07-31 14:40:00-04:00,-1,6395.75,6399.25,-18.5,signal
MES,2025-07-31 14:55:00-04:00,2025-07-31 15:15:00-04:00,-1,6393.0,6388.0,24.0,signal
MES,2025-07-31 15:30:00-04:00,2025-07-31 15:55:00-04:00,-1,6382.25,6371.25,54.0,eod
